Sign,H1 FingerSelection,H1 Aperture,H1 Curve,H1 Bent,H1 Facing,H1 Focus,H1 Width,Dynamic Orientation,Location,Plane,Settings,Path,H2 FingerSelection,H2 Aperture,H2 Curve,H2 Bent,H2 Width,H2 Facing,H2 Focus,Manner,H1 Focus_2,H1 Facing_2
скучать,3-rd,closed,curved,straight,ulnar,ulnar,absent,absent,space,horisontal,high-low,sraight,absent,absent,absent,absent,absent,absent,absent,symmetrical,,
мониторить,1-st; 2-nd,absent,straight,straight,palm,palm,wide,absent,space,horisontal,high-low; contra-ipsi,sraight; sraight,absent,absent,absent,absent,absent,absent,absent,repeated; symmetrical,ulnar,
двигаться,all,absent,straight,bent-straight,palm,ulnar,wide,absent,space,horisontal,contra-ipsi; ipsi-contra,sraight,absent,absent,absent,absent,absent,absent,absent,repeated; symmetrical; alternating,,
мямлить,1-st; 2-nd,open-closed,straight,bent,radial,absent,pointed,absent,head-low,absent,absent,absent,absent,absent,absent,absent,absent,absent,absent,repeated,,
должен,1-st,absent,straight,straight,palm,palm,absent,absent,hand-palm,horisontal,far-near,arc,absent,absent,absent,absent,absent,absent,absent,absent,,
называть,1-st,absent,straight,straight,tips,radial,absent,absent,hand-classifier; space,horisontal,low-high,sraight,thumb,absent,straight,straight,absent,ulnar,absent,repeated; crossed,,
рассказывать,2-nd,closed-open,curved,straight,tips,ulnar,absent,absent,space,parallel,contra-ipsi,sraight,absent,absent,absent,absent,absent,absent,absent,repeated; symmetrical,,
тошнить,all,absent,straight,bent,tips,radial,absent,absent,trunk,absent,low-high,sraight,absent,absent,absent,absent,absent,absent,absent,repeated; symmetrical,,
игнорировать,all,open-closed,straight,bent,radial,palm,pointed,absent,head-side,absent,near-far,arc,absent,absent,absent,absent,absent,absent,absent,biderectional,,
кивать,absent,absent,absent,absent,tips,palm,absent,absent,space,parallel,high-low,iconic,absent,absent,absent,absent,absent,absent,absent,repeated,,
записывать,all,closed-open,straight,bent,palm,absent,pointed,absent,hand-palm,horisontal,absent,absent,absent,absent,absent,absent,absent,back,absent,repeated,,
оскорблять,1-st,absent,straight-curved,straight,tips,back,absent,absent,head-low,absent,near-far,sraight,absent,absent,absent,absent,absent,absent,absent,repeated; symmetrical; alternating,,
оскорбить,1-st,open-closed,straight-curved,straight-bent,tips,back,absent,absent,head-low,absent,near-far,sraight,absent,absent,absent,absent,absent,absent,absent,tense,,
предлагать,all,absent,straight,straight,absent,radial,pointed,neutral-supine,trunk,absent,low-high; near-far,arc,absent,absent,absent,absent,absent,absent,absent,symmetrical,,
пропустить,all,open-closed,straight-curved,straight-bent,palm,absent,pointed,absent,space,horisontal,absent,absent,absent,absent,absent,absent,absent,absent,absent,tense,,
откупорить,1-st; thumb,absent,curved,straight,tips,radial,absent,absent,hand-classifier,horisontal,near-far,arc,absent,absent,absent,absent,absent,ulnar,absent,tense,,
"душить, подавлять",all,open-closed,straight-curved,straight-bent,palm,absent,pointed,absent,neck,absent,absent,absent,absent,absent,absent,absent,absent,absent,absent,symmetrical; crossed,,
ориентироваться,all,absent,straight,straight,ulnar,tips,pointed,neutral-back,hand-palm,horisontal,proxi-distal,sraight,absent,absent,absent,absent,absent,back,absent,repeated; laceration,,
происходить,1-st,closed-open,curved-straight,bent-straight,palm,tips,absent,absent,hand-back,parallel,high-low; contra-ipsi,sraight,absent,absent,absent,absent,absent,back,absent,repeated,radial,
должен,1-st,absent,straight,straight,palm,palm,absent,absent,hand-palm,horisontal,far-near; high-low,arc,absent,absent,absent,absent,absent,back,absent,tense,,
перехлестывать,all,absent,straight,straight,palm,palm,pointed,absent,hand-back,horisontal,far-near,sraight,absent,absent,absent,absent,absent,absent,absent,absent,,
нападать,all,absent,straight,straight,palm,tips,wide,absent,space,horisontal,x-y; proxi-distal,arc,absent,absent,absent,absent,absent,absent,absent,symmetrical,,
шлепать,all,absent,straight,straight,palm,palm,pointed,absent,virtual object; space,sagittal,far-near,arc,absent,absent,absent,absent,absent,absent,absent,repeated,,
миновать,thumb,absent,straight,straight,palm,tips,absent,absent,hand-classifier; space,horisontal,proxi-distal,sraight,thumb,absent,absent,absent,absent,ulnar,absent,symmetrical,,ulnar
пройти мимо,all,absent,straight,straight,palm,ulnar,wide,absent,hand-palm,sagittal,proxi-distal,sraight,absent,absent,absent,absent,absent,absent,absent,symmetrical,,
платить,all,open-closed,straight,bent,back,tips,absent,absent,hand-palm,horisontal,far-near,sraight,absent,absent,absent,absent,absent,absent,absent,absent,,
платить.кредиткой,all,closed,straight,bent,tips,ulnar,pointed,absent,space,horisontal,contra-ipsi,sraight,absent,absent,absent,absent,absent,absent,absent,absent,,
клюнуть,1-st; thumb,absent,curved,straight,tips,tips,absent,absent,space,sagittal,far-near,sraight,absent,absent,absent,absent,absent,absent,absent,tense,,
мочиться,1-st,absent,straight,straight,root,palm,absent,absent,trunk,absent,high-low,sraight,absent,absent,absent,absent,absent,absent,absent,repeated,,
видеть,1-st,absent,straight,straight,tips,tips,absent,absent,head-mid,absent,far-near,sraight,absent,absent,absent,absent,absent,absent,absent,absent,,
взглянуть,1-st; 2-nd,absent,straight,straight,tips,tips,wide,absent,head-mid; space,horisontal,near-far; proxi-distal,arc,absent,absent,absent,absent,absent,absent,absent,absent,,
наказывать,all,absent,straight,straight,palm,radial,pointed,absent,hand-back,parallel,low-high,sraight,absent,absent,absent,absent,absent,back,absent,repeated,,
вмешиваться,1-st,absent,straight,straight,tips,tips,absent,absent,head-mid; hand-palm,sagittal,far-near; proxi-distal,sraight; sraight,absent,absent,absent,absent,absent,absent,absent,absent,,radial
выполнять,all,absent,straight,straight,palm,tips,pointed,absent,hand-narrow,sagittal,proxi-distal,sraight,absent,absent,absent,absent,absent,absent,absent,absent,,
уговаривать,1-st; 4-th,absent,straight,straight,ulnar,tips,absent,absent,space,sagittal,proxi-distal; high-low,sraight,absent,absent,absent,absent,absent,absent,absent,repeated; symmetrical; alternating,,
фотографировать,all,open,straight-curved,straight,root,back,wide,absent,space,horisontal,far-near; contra-ipsi,sraight; sraight,absent,absent,absent,absent,absent,absent,absent,repeated,ulnar,
протыкать,1-st; 4-th,absent,straight,straight,tips,tips,absent,prone-neutral,hand-palm,sagittal,far-near,sraight,absent,absent,absent,absent,absent,palm,absent,tense,,
собирать,all,open-closed,straight-curved,straight-bent,ulnar,palm,wide-pointed,absent,hand-palm,horisontal,ipsi-contra; far-near,arc,absent,absent,absent,absent,absent,absent,absent,absent,,
поднимать,all,open-closed,straight-curved,straight-bent,tips,root,pointed,absent,space,horisontal,low-high,sraight,absent,absent,absent,absent,absent,absent,absent,absent,,
проколоть,1-st,absent,straight,straight,tips,tips,absent,prone-neutral,hand-palm,sagittal,far-near,sraight,absent,absent,absent,absent,absent,absent,absent,absent,,
защипнуть,1-st,open-closed,straight-curved,straight,tips,tips,absent,prone-neutral,space,horisontal,proxi-distal,sraight,absent,absent,absent,absent,absent,absent,absent,absent,,
писать,1-st,absent,straight,straight,root,tips,absent,absent,trunk,absent,near-far; high-low,sraight,absent,absent,absent,absent,absent,absent,absent,repeated,,
играть,all,closed,straight,bent,back,tips,pointed,absent,space,horisontal,low-high,sraight,absent,absent,absent,absent,absent,absent,absent,repeated; symmetrical; alternating,,
сядь,1-st,absent,straight-curved,straight,palm,tips,pointed,absent,space,horisontal,proxi-distal,arc,absent,absent,absent,absent,absent,absent,absent,symmetrical,,
отказываться,all,absent,straight,bent-straight,palm,tips,pointed,absent,hand-palm,absent,proxi-distal,sraight,absent,absent,absent,absent,absent,absent,absent,tense,,
сокращать,all,open-closed,straight-curved,absent,palm,absent,pointed,absent,space,parallel,absent,absent,absent,absent,absent,absent,absent,absent,absent,symmetrical,,
отменить,all,absent,straight,straight,absent,ulnar,pointed,absent,space,parallel,high-low; ipsi-contra; contra-ipsi,sraight,absent,absent,absent,absent,absent,absent,absent,absent,,
восхвалять,all,absent,straight,straight,absent,palm,wide,absent,space,parallel,low-high,vawe,absent,absent,absent,absent,absent,absent,absent,symmetrical,,
размещать,all,open-closed,absent,absent,palm,tips,wide-pointed,absent,space,parallel,far-near,arc,absent,absent,absent,absent,absent,absent,absent,repeated; symmetrical; alternating,,
сопровождать,1-st,absent,straight,straight,root,ulnar,absent,absent,space,horisontal,proxi-distal,sraight,absent,absent,absent,absent,absent,absent,absent,symmetrical,,
обвинять,all,closed,absent,absent,root,tips,pointed,absent,hand-back; space,horisontal,x-y,sraight,absent,absent,absent,absent,absent,palm,absent,repeated; tense,,
отложить,all,absent,straight,straight,palm,back,pointed,absent,virtual object; space,horisontal,ipsi-contra,sraight,absent,absent,absent,absent,absent,absent,absent,symmetrical,,ulnar
продвигать,absent,absent,absent,absent,ulnar,radial,absent,neutral-supine,space,horisontal,low-high; proxi-distal,sraight,absent,absent,absent,absent,absent,absent,absent,repeated,,
влиять,all,closed,straight-curved,bent,ulnar,back,pointed,absent,space,horisontal,x-y,sraight,absent,absent,absent,absent,absent,absent,absent,symmetrical,,
ухудшать,all,absent,straight,straight,radial,palm,pointed,absent,hand-palm; space,sagittal,high-low,sraight,absent,absent,absent,absent,absent,absent,absent,absent,,
предупреждать,1-st,absent,straight-curved,absent,tips,back,absent,absent,head-high,absent,near-far,sraight,absent,absent,absent,absent,absent,absent,absent,absent,,
облегчать,all,absent,absent,straight-bent,tips,palm,pointed,absent,head-low,absent,contra-ipsi,sraight,absent,absent,absent,absent,absent,absent,absent,symmetrical,,
размещать,all,open-closed,straight,absent,palm,tips,wide-pointed,absent,space,horisontal,far-near,arc,absent,absent,absent,absent,absent,absent,absent,symmetrical; alternating; repeated,,
разрешать,1-st,closed,curved,absent,ulnar,tips,absent,absent,space,horisontal,proxi-distal,arc,absent,absent,absent,absent,absent,absent,absent,symmetrical,,
изменять,1-st; 2-nd,absent,straight,straight,palm,absent,wide,absent,hand-palm,horisontal,absent,circle-clock,absent,absent,absent,absent,absent,absent,absent,symmetrical; repeated,,
изменять к лучшему,all,absent,straight,straight,radial,back,pointed,absent,hand-palm,sagittal,low-high,sraight,absent,absent,absent,absent,absent,back,absent,laceration,,
объявлять,1-st,absent,straight-curved,absent,tips,back,absent,absent,head-high,absent,near-far,arc,absent,absent,absent,absent,absent,absent,absent,symmetrical,,
аннулировать,all,absent,straight,straight,tips,ulnar,pointed,absent,space,parallel,high-low; ipsi-contra; high-low; contra-ipsi,sraight,absent,absent,absent,absent,absent,absent,absent,absent,,
извиняться,all,absent,straight,straight,palm,root,wide,absent,hand-palm,horisontal,contra-ipsi,sraight,absent,absent,absent,absent,absent,back,absent,alternating,,
обращаться к,all,absent,straight,straight,palm,radial,pointed,absent,head-low,horisontal,near-far,sraight,absent,absent,absent,absent,absent,absent,absent,symmetrical,,
аплодировать,all,absent,straight,straight,palm,tips,wide,prone-supine,space,sagittal,low-high,sraight,absent,absent,absent,absent,absent,absent,absent,repeated; symmetrical; alternating,,
думать,1-st,absent,straight,straight,palm,tips,absent,absent,head-high,absent,far-near,sraight,absent,absent,absent,absent,absent,absent,absent,absent,,
проникать,all,absent,straight,straight,palm,tips,wide,absent,hand-palm,sagittal,proxi-distal,sraight,absent,absent,absent,absent,absent,absent,absent,symmetrical,,
возникать,1-st,closed-open,curved-straight,absent,palm,tips,absent,absent,hand-narrow,horisontal,low-high,sraight,absent,absent,absent,absent,absent,palm,absent,tense,,
арестовывать,1-st,absent,straight,straight,palm,ulnar,absent,prone-neutral,virtual object; space,horisontal,proxi-distal,arc,absent,absent,absent,absent,absent,absent,absent,symmetrical,,
вознестись,all,absent,straight,straight,back,palm,pointed,absent,space,horisontal,low-high,vawe,absent,absent,absent,absent,absent,absent,absent,symmetrical,,
спрашивать,all,absent,straight,straight,palm,tips,pointed,absent,head-low,absent,near-far,sraight,absent,absent,absent,absent,absent,absent,absent,absent,,
собирать,all,closed-open,curved-straight,absent,palm,tips,pointed-wide,absent,space,horisontal,ipsi-contra,sraight,absent,absent,absent,absent,absent,absent,absent,symmetrical,,
поручать,1-st,closed-open,curved-straight,absent,palm,tips,absent,absent,hand-classifier; space,horisontal,x-y,sraight,absent,absent,absent,absent,absent,palm,absent,tense,,
думать,1-st,absent,straight,straight,palm,tips,absent,absent,head-high,absent,far-near,sraight,absent,absent,absent,absent,absent,absent,absent,absent,,
наверное,all,absent,straight,straight,back,back,pointed,absent,hand-palm,horisontal,far-near,sraight,absent,absent,absent,absent,absent,back,absent,repeated,,
прикладывать,all,absent,straight,straight,back,ulnar,pointed,absent,hand-classifier,horisontal,near-far,sraight,1-st; 2-nd; 3-rd; 4-th,open,straight,straight,pointed,back,absent,repeated,,
нападать,all,absent,straight,straight,palm,tips,wide,absent,space,horisontal,ipsi-contra,sraight,absent,absent,absent,absent,absent,absent,absent,symmetrical,,
посещать,1-st; 2-nd,absent,curved,absent,palm,tips,wide,absent,hand-back; space,horisontal,x-y,arc,absent,absent,absent,absent,absent,absent,absent,absent,,
видно,1-st,absent,straight,bent,palm,tips,absent,absent,head-high,absent,far-near,sraight,absent,absent,absent,absent,absent,absent,absent,absent,,
привлекать,all,absent,absent,straight-bent,palm,root,wide,absent,trunk,absent,far-near,sraight,absent,absent,absent,absent,absent,absent,absent,repeated; symmetrical,,
dem,2-nd,absent,straight,bent,palm,tips,pointed,absent,trunk,absent,far-near,sraight,absent,absent,absent,absent,absent,absent,absent,symmetrical,,
быть пригодным,all,absent,straight,straight,back,tips,pointed,absent,space,horisontal,proxi-distal,arc,absent,absent,absent,absent,absent,absent,absent,symmetrical,,
мстить,1-st; 2-nd,absent,straight,straight,ulnar,back,pointed,absent,hand-narrow,sagittal,proxi-distal,sraight,absent,absent,absent,absent,absent,absent,absent,symmetrical; tense,,
избегать,1-st; 2-nd,absent,curved,absent,tips,back,wide,prone-neutral,space,horisontal,contra-ipsi,sraight,absent,absent,absent,absent,absent,absent,absent,symmetrical; repeated,,
ожидать,all,absent,straight,straight,radial,root,pointed,absent,trunk,absent,high-low,sraight,absent,absent,absent,absent,absent,absent,absent,repeated,,
просыпаться,1-st,closed-open,straight,bent,radial,absent,absent,absent,head-high,absent,absent,absent,absent,absent,absent,absent,absent,absent,absent,symmetrical,,
печь,all,absent,straight,straight,back,tips,pointed,absent,space,horisontal,proxi-distal,sraight,absent,absent,absent,absent,absent,absent,absent,repeated; symmetrical,,
запрещать,1-st,absent,absent,absent,ulnar,absent,absent,absent,hand-palm,horisontal,far-near,sraight,absent,absent,absent,absent,absent,back,absent,tense,,
крестить,1-st; 2-nd,absent,straight,straight,palm,palm,pointed,absent,space,horisontal,high-low,sraight,absent,absent,absent,absent,absent,absent,absent,repeated; symmetrical; crossed,,
разрешить,1-st,closed,curved,absent,ulnar,tips,absent,absent,space,horisontal,x-y,arc,absent,absent,absent,absent,absent,absent,absent,symmetrical,,
называть,1-st,absent,straight,straight,tips,radial,absent,absent,hand-classifier; space,horisontal,low-high,sraight,thumb,absent,absent,absent,absent,ulnar,absent,repeated,,
терпеть,all,absent,straight,straight,root,ulnar,pointed,absent,trunk,absent,high-low,sraight,absent,absent,absent,absent,absent,absent,absent,tense,,
клянчить,all,absent,straight,bent,back,tips,pointed,absent,space,horisontal,proxi-distal; ipsi-contra,vawe,absent,absent,absent,absent,absent,absent,absent,repeated,,
начинать,1-st,absent,straight,straight,radial,tips,absent,absent,hand-palm; space,parallel,low-high,sraight,absent,absent,absent,absent,absent,palm,absent,absent,,
принадлежать,all,absent,straight,straight,absent,absent,pointed,prone-neutral,space,horisontal,absent,absent,absent,absent,absent,absent,absent,absent,absent,symmetrical,,
ему,1-st,absent,straight,straight,palm,tips,absent,absent,space,horisontal,x-y,sraight,absent,absent,absent,absent,absent,absent,absent,repeated,,
пристегиваться,1-st,open,curved,absent,palm,tips,absent,absent,trunk,absent,ipsi-contra,sraight,absent,absent,absent,absent,absent,absent,absent,symmetrical; repeated,,
 спорить,1-st,absent,straight,straight,tips,radial,absent,absent,space,sagittal,low-high,sraight,absent,absent,absent,absent,absent,absent,absent,symmetrical; alternating; repeated,,
предавать,all,absent,straight,straight,absent,absent,absent,prone-neutral,head-mid,absent,absent,absent,absent,absent,absent,absent,absent,absent,absent,absent,,
ездить на велосипеде,all,absent,straight,straight,ulnar,tips,wide,absent,space,horisontal,x-y; high-low,sraight,absent,absent,absent,absent,absent,absent,absent,symmetrical; repeated,,
кусать,all,open-closed,curved,absent,back,tips,wide,absent,head-low,absent,absent,absent,absent,absent,absent,absent,absent,absent,absent,tense,,
вина,1-st; 2-nd,closed,straight,bent,absent,tips,pointed,neutral-prone,head-mid,absent,near-far,arc,absent,absent,absent,absent,absent,absent,absent,tense,,
dem,1-st,absent,straight,straight,palm,tips,absent,absent,space,horisontal,x-y,sraight,absent,absent,absent,absent,absent,absent,absent,absent,,
гореть,1-st; 2-nd; 3-rd,absent,straight,straight,root,tips,wide,absent,space,horisontal,low-high,vawe,absent,absent,absent,absent,absent,absent,absent,symmetrical; alternating,,
смешивать,all,absent,straight,straight,tips,absent,wide,absent,space,horisontal,absent,circle-clock; circle-counterclock,absent,absent,absent,absent,absent,absent,absent,symmetrical; alternating; repeated,,
мигать,1-st; 2-nd,absent,straight,straight,palm,absent,wide-pointed,absent,head-high,absent,absent,absent,absent,absent,absent,absent,absent,absent,absent,repeated,,
блокировка,absent,absent,absent,absent,palm,palm,absent,absent,hand-back,horisontal,far-near,sraight,absent,absent,absent,absent,absent,absent,absent,symmetrical,,
взрывать,absent,absent,absent,absent,palm,radial,absent,absent,space,parallel,contra-ipsi; low-high,sraight,absent,absent,absent,absent,absent,absent,absent,symmetrical; tense,,
задувать,all,open-closed,straight,bent,root,tips,wide-pointed,absent,space,horisontal,high-low,vawe,absent,absent,absent,absent,absent,absent,absent,symmetrical,,
покраснеть,1-st; 4-th,absent,straight,straight,tips,back,absent,absent,head,absent,low-high,sraight,absent,absent,absent,absent,absent,absent,absent,absent,,
бомбить,1-st,absent,straight,straight,radial,back,absent,absent,hand-classifier; space,horisontal,low-high; contra-ipsi,absent,1-st; 4-th,absent,straight,straight,absent,palm,tips,repeated,,
отскакивать,1-st; 2-nd,absent,straight-curved,straight,tips,root,wide,absent,hand-palm,horisontal,near-far,sraight,absent,absent,absent,absent,absent,back,absent,repeated,,
ограничивать,1-st,absent,straight,straight,ulnar,palm,absent,absent,space,horisontal,ipsi-contra,sraight,absent,absent,absent,absent,absent,absent,absent,symmetrical,,
сгибать,absent,absent,absent,absent,absent,ulnar,absent,prone-neutral,space,sagittal,high-low,absent,absent,absent,absent,absent,absent,absent,absent,symmetrical,,
поклониться,absent,absent,absent,absent,root,absent,absent,neutral-forward,space,horisontal,absent,absent,absent,absent,absent,absent,absent,absent,absent,absent,,
хвастаться,thumb,absent,straight,straight,palm,tips,absent,absent,trunk,absent,low-high,sraight,absent,absent,absent,absent,absent,absent,absent,repeated,,
расстаться,thumb,absent,straight,straight,ulnar,back,absent,absent,space,horisontal,contra-ipsi,sraight,absent,absent,absent,absent,absent,absent,absent,symmetrical,,
дышать,all,absent,straight,straight,palm,back,pointed,absent,trunk,absent,near-far,sraight,absent,absent,absent,absent,absent,absent,absent,biderectional,,
приносить,all,absent,straight,straight,back,ulnar,pointed,absent,space; virtual object,horisontal,ipsi-contra; contra-ipsi,arc,absent,absent,absent,absent,absent,absent,absent,symmetrical,,palm
absent,1-st,absent,straight,straight,palm,ulnar,absent,absent,space,parallel,high-low,arc,absent,absent,absent,absent,absent,absent,absent,symmetrical,,
строить,1-st; 2-nd,absent,straight,straight,palm,back,pointed,absent,space,horisontal,low-high,sraight,absent,absent,absent,absent,absent,absent,absent,symmetrical; alternating; repeated; crossed; laceration,,
запугивать,1-st,absent,straight,straight,ulnar,tips,absent,absent,space,horisontal,proxi-distal,sraight,absent,absent,absent,absent,absent,absent,absent,symmetrical; repeated,,
гореть,1-st; 2-nd; 3-rd,absent,straight,straight,root,tips,wide,absent,space,horisontal,low-high,vawe,absent,absent,absent,absent,absent,absent,absent,symmetrical; alternating,,
разрыдаться,all,closed-open,curved-straight,absent,palm,tips,pointed-wide,absent,head-high,absent,near-far,sraight,absent,absent,absent,absent,absent,absent,absent,symmetrical; tense,,
хоронить,all,absent,curved,bent,palm,palm,pointed,absent,virtual object; space,horisontal,high-low,sraight,absent,absent,absent,absent,absent,absent,absent,symmetrical; crossed,,
покупать,all,closed,straight,bent,tips,back,pointed,absent,hand-palm,horisontal,proxi-distal,sraight,absent,absent,absent,absent,absent,back,absent,repeated,,
требовать,1-st,absent,straight,straight,tips,tips,absent,absent,space,horisontal,distal-proxi,arc,absent,absent,absent,absent,absent,absent,absent,tense,,
не мочь,all,absent,straight,straight,radial,radial,pointed,absent,trunk,absent,far-near,sraight,absent,absent,absent,absent,absent,absent,absent,absent,,
не мочь,all,absent,straight,straight,radial,radial,pointed,absent,trunk,absent,far-near,sraight,absent,absent,absent,absent,absent,absent,absent,absent,,
капитулировать,all,absent,straight,straight,absent,back,pointed,absent,space,parallel,iconic,iconic,absent,absent,absent,absent,absent,absent,absent,symmetrical,,
опрокидывать,absent,open-closed,straight,bent,palm,absent,wide-pointed,prone-supine,virtual object; space,horisontal,absent,absent,absent,absent,absent,absent,absent,absent,absent,symmetrical,,
забота,all,absent,curved,bent,palm,palm,wide,absent,virtual object; space,horisontal,far-near,arc,absent,absent,absent,absent,absent,absent,absent,symmetrical,,
multiply,absent,absent,absent,absent,absent,absent,absent,absent,space,parallel,ipsi-contra,sraight,absent,absent,absent,absent,absent,absent,absent,repeated,,
ласкать,all,absent,absent,straight-bent,tips,palm,absent,absent,hand-back,horisontal,distal-proxi,sraight,absent,absent,absent,absent,absent,palm,absent,repeated,,
нести,absent,absent,absent,absent,back,root,absent,absent,virtual object; space,horisontal,low-high,sraight,absent,absent,absent,absent,absent,absent,absent,repeated,,
швырять,all,closed-open,absent,absent,palm,tips,pointed-wide,forward-neutral,space; virtual object,horisontal,proxi-distal,sraight,absent,absent,absent,absent,absent,absent,absent,tense,,
менять,1-st; 2-nd,absent,straight,straight,absent,absent,wide,prone-supine,space,absent,absent,absent,absent,absent,absent,absent,absent,absent,absent,symmetrical; crossed,,
голос,1-st,absent,straight,straight,tips,tips,absent,absent,neck,absent,far-near,sraight,absent,absent,absent,absent,absent,absent,absent,absent,,
музыка,all,absent,straight,straight,palm,radial,pointed,absent,space,parallel,ipsi-contra,arc,absent,absent,absent,absent,absent,absent,absent,symmetrical; crossed; repeated; alternating; biderectional,,
преследовать,thumb,absent,absent,absent,tips,tips,absent,absent,hand-classifier; space,horisontal,far-near,spiral,thumb,absent,absent,absent,absent,ulnar,absent,symmetrical,,ulnar
болтать,all,absent,straight,bent-straight,root,tips,wide,absent,head-low; space,horisontal,x-y,absent,absent,absent,absent,absent,absent,absent,absent,repeated; symmetrical; alternating,,
обманывать,1-st; 4-th,absent,straight,straight,palm,tips,absent,absent,hand-narrow; space,horisontal,x-y,sraight,absent,absent,absent,absent,absent,absent,absent,absent,,
выбирать,1-st,closed,curved,absent,tips,back,absent,absent,hand-classifier; space,sagittal,distal-proxi,sraight,1-st; 2-nd; 3-rd; 4-th,absent,straight,straight,pointed,back,absent,repeated,,
чистить,all,absent,straight,straight,palm,ulnar,pointed,absent,hand-palm,horisontal,proxi-distal,sraight,absent,absent,absent,absent,absent,back,absent,repeated; biderectional,,
очищать,all,absent,straight,straight,palm,ulnar,pointed,absent,hand-palm,horisontal,proxi-distal,sraight,absent,absent,absent,absent,absent,back,absent,tense,,
карабкаться,all,absent,curved,straight,palm,tips,wide,absent,virtual object; space,parallel,low-high,sraight,absent,absent,absent,absent,absent,absent,absent,symmetrical; repeated; alternating,,
совпадать,1-st,absent,straight,straight,palm,tips,absent,absent,space,parallel,ipsi-contra,sraight,absent,absent,absent,absent,absent,absent,absent,symmetrical; repeated,,
рухнуть,1-st; 2-nd,absent,straight,straight,back,tips,wide,prone-supine,hand-palm,horisontal,far-near,circle-clock,absent,absent,absent,absent,absent,absent,absent,absent,,
приходить,1-st; 2-nd,absent,curved,straight,palm,tips,wide,supine-prone,hand-narrow,parallel,far-near,arc,absent,absent,absent,absent,absent,absent,absent,absent,,
согласиться,1-st; thumb,absent,straight,straight,ulnar,tips,absent,absent,space,horisontal,proxi-distal,arc,absent,absent,absent,absent,absent,absent,absent,symmetrical,,
начинать,1-st,absent,straight,straight,radial,tips,absent,absent,hand-palm,parallel,low-high,sraight,absent,absent,absent,absent,absent,absent,absent,absent,,
совершать,all,absent,straight,straight,ulnar,ulnar,pointed,absent,hand-palm,horisontal,far-near,sraight,absent,absent,absent,absent,absent,back,absent,tense,,
общаться,all,absent,straight,straight,palm,palm,pointed,absent,space,horisontal,distal-proxi,sraight,absent,absent,absent,absent,absent,absent,absent,repeated; symmetrical; alternating; biderectional,,
сопоставлять,1-st,absent,straight,straight,back,tips,absent,absent,space,parallel,ipsi-contra; high-low,sraight,absent,absent,absent,absent,absent,absent,absent,symmetrical; repeated,,
думать,1-st,absent,straight,straight,palm,tips,absent,absent,head-high,absent,far-near,sraight,absent,absent,absent,absent,absent,absent,absent,absent,,
ясно,all,absent,straight,straight,palm,root,wide,absent,virtual object; space,horisontal,distal-proxi,sraight,absent,absent,absent,absent,absent,absent,absent,symmetrical; tense,,
учить,1-st; 2-nd,closed,straight,bent,radial,tips,pointed,absent,head-high,absent,ipsi-contra,arc,absent,absent,absent,absent,absent,absent,absent,repeated,,
проникать,all,absent,straight,straight,palm,tips,wide,absent,hand-palm,sagittal,proxi-distal,sraight,absent,absent,absent,absent,absent,absent,absent,symmetrical; laceration,,
концентрироваться,all,absent,straight,straight,palm,tips,pointed,absent,head,absent,near-far,sraight,absent,absent,absent,absent,absent,absent,absent,symmetrical; tense,,
беспокоиться,all,open,curved,straight,palm,radial,pointed,absent,trunk,absent,low-high,sraight,absent,absent,absent,absent,absent,absent,absent,repeated; symmetrical; alternating,,
судить,1-st,closed,curved,absent,ulnar,radial,absent,absent,space,horisontal,low-high,sraight,absent,absent,absent,absent,absent,absent,absent,repeated; symmetrical; alternating; biderectional,,
подтверждать,absent,absent,absent,absent,ulnar,ulnar,absent,absent,hand-palm,horisontal,near-far,sraight,absent,absent,absent,absent,absent,absent,absent,absent,,
здравствуйте,all,absent,absent,absent,tips,radial,pointed,absent,trunk,absent,low-high,sraight,absent,absent,absent,absent,absent,absent,absent,repeated; symmetrical,,
давать,all,open,straight,straight,ulnar,radial,pointed,absent,trunk,absent,near-far,arc,absent,absent,absent,absent,absent,absent,absent,symmetrical,,
соединять,1-st,absent,curved,straight,palm,tips,absent,supine-prone,hand-classifier; space,horisontal,far-near,arc,1-st,absent,curved,straight,absent,back,absent,symmetrical; crossed,,
захватывать,all,open-closed,curved,bent,palm,palm,wide-pointed,absent,space,horisontal,high-low,sraight,absent,absent,absent,absent,absent,absent,absent,symmetrical; tense,,
освящать,1-st; 2-nd; 3-rd,closed-open,curved-straight,bent-straight,palm,ulnar,pointed-wide,absent,space,parallel,contra-ipsi; ,arc,absent,absent,absent,absent,absent,absent,absent,symmetrical,,
сберегать,all,open,curved,bent,palm,palm,wide,absent,virtual object,horisontal,far-near,arc,absent,absent,absent,absent,absent,absent,absent,symmetrical; repeated,,
устанавливать,1-st; 2-nd; thumb,absent,straight,straight,palm,palm,wide,absent,hand-palm,horisontal,far-near,spiral,absent,absent,absent,absent,absent,back,absent,tense,,
сдерживать,absent,absent,absent,absent,absent,absent,absent,absent,trunk,absent,high-low; far-near,sraight,absent,absent,absent,absent,absent,absent,absent,symmetrical,,
строить,1-st; 2-nd,absent,straight,straight,palm,back,pointed,absent,space,horisontal,low-high,arc,absent,absent,absent,absent,absent,absent,absent,symmetrical; repeated; alternating; crossed,,
консультировать,1-st,closed,curved,straight,ulnar,tips,absent,absent,space,horisontal,proxi-distal,circle-clock,absent,absent,absent,absent,absent,absent,absent,repeated; symmetrical; alternating; crossed,,
потреблять,1-st,closed,curved,straight,absent,tips,absent,neutral-prone,trunk,absent,far-near,arc,absent,absent,absent,absent,absent,absent,absent,absent,,
сократить,1-st,absent,straight,straight,absent,palm,absent,prone-neutral,space,horisontal,ipsi-contra,arc,absent,absent,absent,absent,absent,absent,absent,tense; symmetrical,,
вкладывать,all,open-closed,straight,bent,radial,tips,wide-pointed,absent,hand-palm,sagittal,proxi-distal,sraight,absent,absent,absent,absent,absent,absent,absent,absent,,
контролировать,1-st; 2-nd,absent,straight,straight,tips,ulnar,wide,absent,space,horisontal,contra-ipsi; ipsi-contra; x-y,sraight,absent,absent,absent,absent,absent,absent,absent,symmetrical; tense,,
собираться,all,closed-open,curved-straight,bent-straight,palm,tips,wide,absent,space,horisontal,ipsi-contra,sraight,absent,absent,absent,absent,absent,absent,absent,symmetrical,,
разговаривать,1-st,absent,straight,straight,radial,ulnar,absent,absent,head-low,absent,near-far,sraight,absent,absent,absent,absent,absent,absent,absent,repeated; symmetrical; alternating,,
конвертировать,1-st; 2-nd,absent,straight,straight,absent,absent,wide,prone-neutral,space,parallel,absent,absent,absent,absent,absent,absent,absent,absent,absent,symmetrical; alternating,,
убеждать,all,open-closed,straight,bent,back,tips,pointed,absent,space,horisontal,proxi-distal,sraight,absent,absent,absent,absent,absent,absent,absent,symmetrical,,
копировать,1-st; 2-nd,open-closed,straight,bent,tips,absent,pointed,absent,hand-palm,horisontal,absent,absent,absent,absent,absent,absent,absent,back,absent,repeated,,
исправлять,1-st; 2-nd,closed,straight,bent,palm,tips,pointed,absent,hand-narrow; space,parallel,proxi-distal; x-y,sraight,absent,absent,absent,absent,absent,absent,absent,symmetrical; repeated; biderectional,,
кашлять,all,absent,straight,bent,tips,absent,pointed,neutral-supine,trunk,absent,absent,absent,absent,absent,absent,absent,absent,absent,absent,repeated,,
считать,2-nd,absent,straight,bent,tips,tips,absent,absent,hand-palm,horisontal,far-near,iconic,absent,absent,absent,absent,absent,back,absent,repeated,,
подделывать,all,open-closed,straight,bent,radial,tips,pointed,absent,head,absent,ipsi-contra,arc,absent,absent,absent,absent,absent,absent,absent,symmetrical; alternating,,
закрывать,all,absent,straight,straight,palm,radial,pointed,supine-prone,virtual object; space,parallel,ipsi-contra,iconic,absent,absent,absent,absent,absent,absent,absent,symmetrical,,
ползать,all,absent,straight,straight,palm,tips,pointed,absent,space,horisontal,proxi-distal,arc,absent,absent,absent,absent,absent,absent,absent,repeated; symmetrical; alternating,,
обрезать,1-st; 2-nd,absent,straight,straight,ulnar,tips,wide-pointed,absent,virtual object; space,horisontal,ipsi-contra,iconic,absent,absent,absent,absent,absent,absent,absent,repeated,,
короновать,all,open,straight,straight,ulnar,ulnar,wide,absent,head-high,absent,high-low,sraight,absent,absent,absent,absent,absent,absent,absent,symmetrical,,
мять,all,open-closed,straight-curved,straight-bent,palm,palm,wide-pointed,absent,virtual object,parallel,ipsi-contra,iconic,absent,absent,absent,absent,absent,absent,absent,symmetrical,,
плакать,1-st,absent,straight,straight,palm,root,absent,neutral-supine,head-mid,absent,high-low,sraight,absent,absent,absent,absent,absent,absent,absent,symmetrical; repeated,,
разрезать,all,absent,straight,straight,tips,ulnar,pointed,absent,hand-back,horisontal,distal-proxi,sraight,absent,absent,absent,absent,absent,palm,absent,tense,,
танцевать,1-st; 2-nd,absent,straight,straight,root,absent,wide,supine-prone,space,horisontal,absent,absent,absent,absent,absent,absent,absent,absent,absent,symmetrical; repeated; alternating,,
отважиться,absent,absent,absent,absent,root,palm,absent,absent,space,horisontal,proxi-distal; contra-ipsi,arc,absent,absent,absent,absent,absent,absent,absent,symmetrical,,
объявлять,1-st,absent,straight-curved,straight,tips,back,absent,absent,head-high,absent,contra-ipsi,arc,absent,absent,absent,absent,absent,absent,absent,symmetrical,,
приказать,all,closed-open,curved-straight,bent-straight,root,palm,pointed,absent,hand-back,horisontal,proxi-distal,sraight,absent,absent,absent,absent,absent,absent,absent,symmetrical; tense,,
побеждать,absent,absent,absent,absent,root,absent,absent,supine-prone,space,horisontal,absent,absent,absent,absent,absent,absent,absent,absent,absent,tense,,
защищать,all,absent,curved,bent,root,palm,pointed,absent,space,horisontal,proxi-distal,sraight,absent,absent,absent,absent,absent,absent,absent,symmetrical,,
грязь,all,absent,straight,straight,palm,palm,wide,absent,hand-palm,horisontal,far-near,sraight,absent,absent,absent,absent,absent,absent,absent,symmetrical,,
direction,absent,absent,absent,absent,ulnar,tips,absent,absent,space,horisontal,contra-ipsi; proxi-distal,sraight,absent,absent,absent,absent,absent,absent,absent,symmetrical,,
уменьшать,all,absent,straight,bent,ulnar,palm,pointed,absent,virtual object; space,horisontal,ipsi-contra,sraight,absent,absent,absent,absent,absent,absent,absent,symmetrical,,
отказываться,all,absent,straight,bent-straight,tips,back,pointed,absent,hand-palm,horisontal,proxi-distal,sraight,absent,absent,absent,absent,absent,back,absent,tense,,
задерживать,absent,absent,absent,absent,ulnar,root,absent,absent,space,horisontal,distal-proxi,sraight,absent,absent,absent,absent,absent,absent,absent,symmetrical,,
удалять,all,absent,straight,straight,ulnar,palm,pointed,absent,hand-narrow,horisontal,distal-proxi,sraight,absent,absent,absent,absent,absent,absent,absent,absent,,
доставлять,1-st; thumb,absent,curved,straight,palm,palm,absent,absent,virtual object; space,horisontal,ipsi-contra; contra-ipsi,arc,absent,absent,absent,absent,absent,absent,absent,symmetrical,,
отвергать,all,absent,straight,bent-straight,tips,back,pointed,absent,hand-palm,horisontal,proxi-distal,sraight,absent,absent,absent,absent,absent,back,absent,tense,,
удалять волосы,1-st,closed,curved,absent,tips,back,absent,absent,head-high,absent,near-far,sraight,absent,absent,absent,absent,absent,absent,absent,repeated; symmetrical; alternating,,
лишать,1-st; 2-nd,absent,straight,straight,ulnar,palm,pointed,absent,hand-narrow,sagittal,distal-proxi,arc,absent,absent,absent,absent,absent,absent,absent,symmetrical; tense,,
спускаться,1-st; 2-nd,absent,curved,straight-bent,tips,tips,wide,absent,space,horisontal,high-low; ipsi-contra,sraight,absent,absent,absent,absent,absent,absent,absent,repeated,,
отчаяться,all,absent,straight,straight,palm,palm,pointed,absent,hand-palm; trunk,absent,far-near,sraight,absent,absent,absent,absent,absent,ulnar,absent,tense,,
видеть,1-st,absent,straight,straight,tips,tips,absent,absent,head-high,absent,far-near,sraight,absent,absent,absent,absent,absent,absent,absent,absent,,
ненавидеть,all,absent,straight,straight,root,palm,wide,absent,space,horisontal,proxi-distal,sraight,absent,absent,absent,absent,absent,absent,absent,absent,,
разрушать,all,absent,straight,bent-straight,ulnar,tips,pointed,absent,space,horisontal,ipsi-contra,sraight,absent,absent,absent,absent,absent,absent,absent,symmetrical; crossed,,
разъединять,all,absent,straight,straight,ulnar,palm,pointed,absent,hand-back,horisontal,distal-proxi,arc,absent,absent,absent,absent,absent,palm,absent,biderectional,,
ухудшаться,all,absent,straight,straight,radial,palm,pointed,absent,hand-palm,sagittal,high-low,sraight,absent,absent,absent,absent,absent,absent,absent,absent,,
посвящать,all,absent,straight,straight,ulnar,tips,pointed,absent,space,horisontal,proxi-distal,sraight,absent,absent,absent,absent,absent,absent,absent,symmetrical,,
диктовать,all,absent,straight,straight,palm,back,pointed,absent,head-low; space,parallel,near-far; high-low,vawe,absent,absent,absent,absent,absent,absent,absent,absent,,
выполнить,all,absent,straight,straight,palm,tips,pointed,absent,hand-narrow,sagittal,proxi-distal,sraight,absent,absent,absent,absent,absent,absent,absent,absent,,
копать,all,absent,straight,bent,absent,ulnar,pointed,supine-prone,space,horisontal,ipsi-contra,sraight,absent,absent,absent,absent,absent,absent,absent,repeated,,
уменьшать,all,absent,straight,bent,palm,palm,pointed,absent,virtual object; space,horisontal,ipsi-contra,sraight,absent,absent,absent,absent,absent,absent,absent,symmetrical,,
окунать,1-st,closed,curved,straight,tips,tips,absent,absent,space,horisontal,high-low,sraight,absent,absent,absent,absent,absent,absent,absent,repeated; symmetrical,,
исчезать,all,closed,straight-curved,bent,palm,root,pointed,absent,head,absent,contra-ipsi,sraight,absent,absent,absent,absent,absent,absent,absent,symmetrical,,
отпускать,1-st,closed,curved,straight,ulnar,tips,absent,absent,space,horisontal,proxi-distal,arc,absent,absent,absent,absent,absent,absent,absent,symmetrical,,
рассоединять,1-st; thumb,absent,curved,straight,tips,root,absent,absent,hand-palm,sagittal,near-far,sraight,absent,absent,absent,absent,absent,absent,absent,absent,,
видеть,1-st,absent,straight,straight,tips,tips,absent,absent,head-high,absent,far-near,sraight,absent,absent,absent,absent,absent,absent,absent,absent,,
заметить,1-st,open,curved,straight,palm,palm,absent,absent,hand-back,parallel,far-near,sraight,absent,absent,absent,absent,absent,absent,absent,absent,,
не.нравиться,1-st,closed,curved,straight,tips,tips,absent,neutral-prone,head-low,absent,near-far,sraight,absent,absent,absent,absent,absent,absent,absent,tense,,
разбирать,1-st; 2-nd,absent,straight-curved,straight,palm,root,wide,absent,space,horisontal,contra-ipsi,sraight,absent,absent,absent,absent,absent,absent,absent,repeated; symmetrical; crossed,,
распространять,all,closed,straight,bent,back,radial,pointed,absent,space,horisontal,proxi-distal; contra-ipsi,arc,absent,absent,absent,absent,absent,absent,absent,laceration; symmetrical; repeated,,
нырять,1-st; 2-nd,absent,straight,bent-straight,root,root,wide,absent,space,horisontal,high-low; contra-ipsi,iconic,absent,absent,absent,absent,absent,absent,absent,repeated,,
разделять,all,absent,straight,straight,ulnar,tips,pointed,absent,space,horisontal,proxi-distal; contra-ipsi,arc,absent,absent,absent,absent,absent,absent,absent,symmetrical,,
разделять,all,absent,straight,bent-straight,ulnar,ulnar,pointed,absent,hand-palm,horisontal,far-near,sraight,absent,absent,absent,absent,absent,back,absent,repeated,,
заниматься.гимнастикой,all,absent,straight,straight,tips,tips,pointed,absent,shoulder,absent,far-near,sraight,absent,absent,absent,absent,absent,absent,absent,symmetrical; alternating; repeated,,
доминировать,1-st,absent,absent,absent,ulnar,back,absent,absent,hand-palm; space,horisontal,proxi-distal,sraight,absent,absent,absent,absent,absent,absent,absent,absent,,
не.знать,all,absent,straight,straight,palm,back,pointed,absent,head-high,absent,near-far; contra-ipsi,sraight,absent,absent,absent,absent,absent,absent,absent,symmetrical,,
не.понимать,1-st,absent,curved,straight,radial,root,absent,absent,head-mid,absent,high-low,sraight,absent,absent,absent,absent,absent,absent,absent,absent,,
вздремнуть,1-st,open-closed,straight,straight-bent,radial,absent,absent,absent,head-high,absent,absent,absent,absent,absent,absent,absent,absent,absent,absent,symmetrical,,
тянуть,absent,absent,absent,absent,tips,radial,absent,absent,virtual object; space,horisontal,contra-ipsi; ipsi-contra,sraight,absent,absent,absent,absent,absent,absent,absent,symmetrical,,back
рисовать,1-st; 2-nd,absent,straight,straight,back,root,pointed,absent,hand-palm,sagittal,high-low,vawe,absent,absent,absent,absent,absent,absent,absent,absent,,
мечтать,all,absent,straight,straight-bent,palm,absent,wide,absent,head-high,absent,absent,absent,absent,absent,absent,absent,absent,absent,absent,repeated,,
дрейфовать,all,absent,straight,straight-bent,palm,palm,wide,absent,virtual object; space,horisontal,ipsi-contra,sraight,absent,absent,absent,absent,absent,absent,absent,repeated; symmetrical; biderectional,,
сверлить,1-st,absent,straight,straight,tips,tips,absent,absent,space,horisontal,high-low,iconic,absent,absent,absent,absent,absent,absent,absent,absent,,
пить,all,open,straight,bent,radial,radial,pointed,neutral-prone,head-low,absent,far-near,arc,absent,absent,absent,absent,absent,absent,absent,absent,,
капать,1-st,closed-open,straight,bent,tips,tips,absent,absent,space,horisontal,high-low,sraight,absent,absent,absent,absent,absent,absent,absent,biderectional,,
полить,thumb; 4-th,absent,straight,straight,ulnar,tips,absent,absent,hand-palm,horisontal,iconic,circle-counterclock,absent,absent,absent,absent,absent,absent,absent,absent,,
выбыть,1-st; 2-nd,absent,curved,straight,tips,tips,wide,absent,hand-palm,horisontal,near-far,arc,absent,absent,absent,absent,absent,absent,absent,absent,,
зарабатывать,all,absent,curved,bent,back,ulnar,pointed,absent,hand-palm; virtual object,horisontal,distal-proxi,sraight,absent,absent,absent,absent,absent,back,absent,repeated,,palm
есть,all,closed,straight,bent,tips,tips,pointed,absent,head-low,absent,far-near,sraight,absent,absent,absent,absent,absent,absent,absent,repeated,,
наставлять,1-st; 2-nd,closed,straight,bent,root,tips,pointed,absent,hand-back,horisontal,proxi-distal,sraight,absent,absent,absent,absent,absent,palm,absent,repeated,,
редактировать,1-st; 2-nd,closed,straight,bent,root,ulnar,pointed,absent,hand-narrow; space,horisontal,contra-ipsi; near-far,sraight; sraight,absent,absent,absent,absent,absent,palm,absent,repeated; biderectional,tips,
обучать,1-st; 2-nd,closed,straight,bent,root,tips,pointed,absent,hand-narrow,horisontal,proxi-distal,sraight,absent,absent,absent,absent,absent,palm,absent,repeated,,
выбирать,1-st,open-closed,curved,straight,radial,back,absent,absent,hand-palm,sagittal,distal-proxi,sraight,absent,absent,absent,absent,absent,absent,absent,absent,,
поднимать,absent,absent,absent,absent,ulnar,radial,absent,supine-prone,space,horisontal,low-high,sraight,absent,absent,absent,absent,absent,absent,absent,repeated,,
уничтожать,all,open-closed,straight-curved,straight-bent,palm,tips,wide-pointed,absent,hand-palm,horisontal,proxi-distal,sraight,absent,absent,absent,absent,absent,absent,absent,absent,,
вышивать,1-st,closed,curved,straight,tips,back,absent,absent,space,horisontal,high-low; contra-ipsi,sraight,absent,absent,absent,absent,absent,absent,absent,repeated; symmetrical; alternating; crossed,ulnar,
возникать,1-st,closed-open,curved-straight,bent-straight,back,tips,absent,absent,space,horisontal,low-high,sraight,absent,absent,absent,absent,absent,absent,absent,tense,,
видно,1-st,absent,straight,straight,tips,tips,absent,absent,head-mid,absent,far-near,sraight,absent,absent,absent,absent,absent,absent,absent,absent,,
обращать.внимание,1-st,absent,straight,straight,tips,tips,absent,absent,head-mid,absent,far-near,sraight,absent,absent,absent,absent,absent,absent,absent,absent,,
нанимать,all,absent,straight,straight,back,ulnar,pointed,absent,space,horisontal,distal-proxi; ipsi-contra; contra-ipsi,arc,absent,absent,absent,absent,absent,absent,absent,symmetrical,,
позволять,1-st,closed,curved,straight,ulnar,tips,absent,absent,space,horisontal,proxi-distal; contra-ipsi,arc,absent,absent,absent,absent,absent,absent,absent,symmetrical,,
гравировать,thumb,absent,straight,straight,tips,tips,absent,prone-supine,hand-palm,horisontal,distal-proxi,vawe,absent,absent,absent,absent,absent,absent,absent,absent,,
увеличивать,thumb; 4-th,absent,straight,straight,palm,back,absent,absent,virtual object,horisontal,contra-ipsi; low-high,arc,absent,absent,absent,absent,absent,absent,absent,symmetrical,,
входить,all,absent,straight,straight,ulnar,tips,pointed,absent,hand-back,horisontal,proxi-distal,arc,absent,absent,absent,absent,absent,absent,absent,absent,,
завидовать,1-st,open,straight-curved,straight,tips,absent,absent,absent,trunk,absent,absent,absent,absent,absent,absent,absent,absent,absent,absent,repeated; symmetrical,,
стирать,all,absent,straight,straight,palm,ulnar,pointed,absent,hand-palm,horisontal,proxi-distal,sraight,absent,absent,absent,absent,absent,absent,absent,absent,,
сбегать,1-st; 2-nd,closed-open,curved-straight,bent-straight,back,tips,pointed-wide,absent,hand-palm,horisontal,proxi-distal,sraight,absent,absent,absent,absent,absent,absent,absent,absent,,
уклоняться,absent,absent,straight,bent-straight,palm,root,wide,absent,space,parallel,contra-ipsi; low-high; high-low,sraight,absent,absent,absent,absent,absent,absent,absent,repeated; symmetrical,,
выкапывать,all,absent,curved,bent,palm,ulnar,pointed,supine-prone,space; virtual object,horisontal,ipsi-contra,iconic,absent,absent,absent,absent,absent,absent,absent,repeated,,
преувеличивать,thumb; 4-th,absent,straight,straight,palm,back,absent,absent,space,horisontal,low-high; contra-ipsi,arc,absent,absent,absent,absent,absent,absent,absent,symmetrical,,
обменивать,1-st; 2-nd,absent,straight,straight,absent,absent,wide,prone-supine,space,absent,absent,absent,absent,absent,absent,absent,absent,absent,absent,symmetrical; alternating; crossed,,
прощать,1-st,closed,curved,straight,tips,tips,absent,neutral-prone,head-low,absent,near-far,sraight,absent,absent,absent,absent,absent,absent,absent,absent,,
выдыхать,all,absent,straight,bent,palm,back,wide,absent,trunk,absent,near-far,sraight,absent,absent,absent,absent,absent,absent,absent,biderectional,,
истощать,1-st,open-closed,straight,bent,tips,tips,absent,prone-supine,hand-palm,horisontal,far-near,sraight,absent,absent,absent,absent,absent,back,absent,repeated,,
видеть,1-st,absent,straight,straight,tips,tips,absent,absent,head-mid,absent,far-near,sraight,absent,absent,absent,absent,absent,absent,absent,absent,,
выставлять.картины,all,absent,straight,straight,palm,palm,absent,absent,space,parallel,near-far; contra-ipsi,arc,absent,absent,absent,absent,absent,absent,absent,symmetrical; repeated; alternating,ulnar,
существовать,all,absent,straight,straight,ulnar,ulnar,pointed,absent,hand-palm,horisontal,far-near,sraight,absent,absent,absent,absent,absent,back,absent,repeated,,
ожидать,all,absent,straight,straight,radial,root,pointed,absent,trunk,absent,high-low,sraight,absent,absent,absent,absent,absent,absent,absent,repeated,,
взрывать,absent,absent,absent,absent,palm,radial,absent,absent,space,parallel,contra-ipsi; low-high,sraight,absent,absent,absent,absent,absent,absent,absent,symmetrical; crossed; tense,,
видеть,1-st,absent,straight,straight,tips,tips,absent,absent,head-mid,absent,far-near,sraight,absent,absent,absent,absent,absent,absent,absent,absent,,
замечать,1-st,open,curved,straight,tips,tips,absent,absent,hand-back,horisontal,far-near,sraight,absent,absent,absent,absent,absent,absent,absent,absent,,
выражать,all,absent,absent,absent,palm,radial,wide,absent,trunk,absent,low-high,sraight,absent,absent,absent,absent,absent,absent,absent,symmetrical,,
давать,all,absent,absent,absent,back,radial,pointed,absent,space,horisontal,proxi-distal,sraight,absent,absent,absent,absent,absent,absent,absent,symmetrical,,
создавать,1-st,absent,straight,straight,tips,tips,absent,prone-supine,space,parallel,ipsi-contra,arc,absent,absent,absent,absent,absent,absent,absent,symmetrical,,
облегчать,all,absent,straight,straight,tips,palm,pointed,absent,head-low,absent,contra-ipsi,sraight,absent,absent,absent,absent,absent,absent,absent,symmetrical,,
затухать,all,open-closed,straight-curved,straight-bent,back,root,wide-pointed,absent,space,parallel,high-low,vawe,absent,absent,absent,absent,absent,absent,absent,symmetrical,,
падать,1-st; 2-nd,absent,straight,straight,tips,absent,wide,prone-supine,hand-palm,horisontal,absent,absent,absent,absent,absent,absent,absent,absent,absent,absent,,back
пукать,absent,absent,absent,absent,absent,absent,absent,neutral-prone,space,absent,absent,absent,absent,absent,absent,absent,absent,absent,absent,repeated; symmetrical,,
кормить,1-st; thumb,absent,curved,straight,tips,tips,absent,absent,space,sagittal,far-near,sraight,absent,absent,absent,absent,absent,back,absent,repeated,,
чувствовать,1-st,absent,straight,straight,tips,tips,absent,absent,hand-back,horisontal,far-near,sraight,absent,absent,absent,absent,absent,palm,absent,biderectional; tense,,
воевать,all,absent,straight,straight,palm,tips,wide,absent,space,horisontal,proxi-distal; ipsi-contra; contra-ipsi,sraight,absent,absent,absent,absent,absent,absent,absent,tense; symmetrical,,
финансировать,all,open-closed,straight,bent,back,tips,pointed,absent,hand-palm,horisontal,far-near,sraight,absent,absent,absent,absent,absent,back,absent,repeated,,
подходить,1-st,absent,straight,straight,back,tips,absent,absent,space,parallel,high-low; low-high,sraight,absent,absent,absent,absent,absent,absent,absent,symmetrical; crossed,,
вспыхнуть,all,closed-open,curved-straight,bent-straight,back,tips,pointed-wide,absent,space,parallel,low-high,sraight,absent,absent,absent,absent,absent,absent,absent,symmetrical; tense,,
убежать,1-st; 2-nd,closed-open,curved-straight,bent-straight,back,tips,pointed-wide,absent,hand-palm,horisontal,proxi-distal,sraight,absent,absent,absent,absent,absent,palm,absent,tense,,
сгибать,absent,absent,absent,absent,palm,absent,absent,prone-neutral,virtual object,horisontal,absent,absent,absent,absent,absent,absent,absent,absent,absent,symmetrical,,
течь,all,absent,straight,straight-bent,palm,tips,wide,absent,space,horisontal,ipsi-contra; contra-ipsi,sraight,absent,absent,absent,absent,absent,absent,absent,repeated; symmetrical,,
получиться,all,open-closed,straight-curved,straight-bent,back,ulnar,pointed,absent,hand-palm,horisontal,far-near,arc,absent,absent,absent,absent,absent,absent,absent,absent,,
нет,all,absent,straight,straight,palm,ulnar,pointed,absent,space,horisontal,contra-ipsi; proxi-distal,sraight,absent,absent,absent,absent,absent,absent,absent,absent,,
трепетать,all,absent,straight,straight,palm,absent,wide,absent,space,horisontal,ipsi-contra,sraight,absent,absent,absent,absent,absent,absent,absent,repeated; symmetrical; biderectional; alternating,,absent
летать.на.самолете,1-st; 4-th,absent,straight,straight,palm,tips,absent,absent,space,horisontal,ipsi-contra; low-high,sraight,absent,absent,absent,absent,absent,absent,absent,absent,,
фокусировать,all,open-closed,straight-curved,bent-straight,radial,palm,pointed,absent,head,absent,ipsi-contra,sraight,absent,absent,absent,absent,absent,absent,absent,symmetrical; crossed,,
преследовать,thumb,absent,straight,straight,back,back,absent,absent,hand-classifier; space,horisontal,far-near,vawe,thumb,absent,straight,straight,absent,ulnar,absent,symmetrical,,ulnar
"отслеживать, мониторить",1-st; 2-nd,absent,straight,straight,tips,palm,wide,absent,space,parallel,high-low; contra-ipsi,sraight,absent,absent,absent,absent,absent,absent,absent,symmetrical; repeated,ulnar,
запрещать,1-st,absent,straight,straight,ulnar,ulnar,absent,absent,hand-back,horisontal,far-near,sraight,absent,absent,absent,absent,absent,palm,absent,repeated,,
забывать,all; thumb,open-closed,straight,bent,tips,palm,pointed,absent,head-high,absent,contra-ipsi,sraight,absent,absent,absent,absent,absent,absent,absent,absent,,
замораживать,absent,absent,absent,absent,back,ulnar,absent,prone-neutral,space,parallel,high-low,arc,absent,absent,absent,absent,absent,absent,absent,symmetrical,,
часто посещать,all,absent,straight,straight,ulnar,tips,pointed,absent,hand-back; space,horisontal,proxi-distal; ipsi-contra,sraight,absent,absent,absent,absent,absent,palm,absent,repeated,,
беспокоиться,all,open,curved,straight,tips,radial,pointed,absent,trunk,absent,low-high,sraight,absent,absent,absent,absent,absent,absent,absent,repeated; symmetrical; alternating,,
заниматься.сексом,all,absent,straight,straight,ulnar,tips,pointed,absent,trunk,absent,ipsi-contra,sraight,absent,absent,absent,absent,absent,absent,absent,repeated; symmetrical; crossed,,
потолстеть,absent,absent,absent,absent,ulnar,back,absent,absent,space,horisontal,contra-ipsi,sraight,absent,absent,absent,absent,absent,absent,absent,symmetrical; laceration,,
преклонять колени,1-st; 2-nd,absent,straight-curved,straight,tips,absent,wide,absent,hand-palm,horisontal,absent,absent,absent,absent,absent,absent,absent,absent,absent,absent,,
уезжать,1-st,open-closed,straight,bent,root,tips,absent,absent,space,horisontal,proxi-distal; ipsi-contra; contra-ipsi,arc,absent,absent,absent,absent,absent,absent,absent,symmetrical,,
одеться,all,closed,straight,bent,tips,back,pointed,absent,trunk,absent,ipsi-contra,arc,absent,absent,absent,absent,absent,absent,absent,symmetrical,,
избавиться,absent,absent,absent,absent,absent,ulnar,absent,supine-prone,space,sagittal,high-low,absent,absent,absent,absent,absent,absent,absent,absent,symmetrical,,
хихикать,1-st; 2-nd,absent,curved,straight,tips,tips,wide,absent,head-low,absent,far-near,sraight,absent,absent,absent,absent,absent,absent,absent,repeated,,
давать,all,open,straight,straight,absent,radial,pointed,neutral-supine,space,horisontal,proxi-distal,arc,absent,absent,absent,absent,absent,absent,absent,symmetrical,,
возвращать,1-st; 2-nd,absent,straight,straight,absent,back,wide,neutral-prone,space,horisontal,distal-proxi,sraight,absent,absent,absent,absent,absent,absent,absent,absent,,
сдаваться,all,absent,straight,straight,absent,back,pointed,absent,space,parallel,iconic,iconic,absent,absent,absent,absent,absent,absent,absent,symmetrical,,
видеть,1-st,absent,straight,straight,tips,tips,absent,absent,head-mid,absent,far-near,sraight,absent,absent,absent,absent,absent,absent,absent,absent,,
взглянуть,1-st; 2-nd,absent,straight,straight,tips,ulnar,wide,absent,space,horisontal,contra-ipsi,arc,absent,absent,absent,absent,absent,absent,absent,absent,,
идти,all,open,straight,straight,back,radial,pointed,absent,space,horisontal,proxi-distal,sraight,absent,absent,absent,absent,absent,absent,absent,repeated; symmetrical; alternating,,
входить,all,absent,straight,straight,ulnar,tips,pointed,absent,hand-back,horisontal,proxi-distal,arc,absent,absent,absent,absent,absent,absent,absent,absent,,
выходить,all,absent,straight,straight,back,tips,pointed,absent,hand-palm,horisontal,proxi-distal,arc,absent,absent,absent,absent,absent,absent,absent,absent,,
схватить,all,open-closed,straight-curved,straight-bent,palm,palm,wide-pointed,absent,virtual object; space,horisontal,far-near; high-low,sraight,absent,absent,absent,absent,absent,absent,absent,symmetrical; tense,,
думать,1-st,absent,straight,straight,tips,tips,absent,absent,head-high,absent,far-near,sraight,absent,absent,absent,absent,absent,absent,absent,absent,,
проникнуть,all,absent,straight,straight,palm,tips,wide,absent,hand-palm,sagittal,proxi-distal,sraight,absent,absent,absent,absent,absent,absent,absent,absent,,
натирать.на.терке,all,absent,curved,bent,palm,ulnar,pointed,absent,hand-palm,horisontal,proxi-distal,sraight,absent,absent,absent,absent,absent,back,absent,repeated; biderectional,,
приветствовать,all,absent,straight,straight,palm,ulnar,pointed,absent,space,parallel,contra-ipsi,arc,absent,absent,absent,absent,absent,absent,absent,repeated,,
крепко держать,all,open-closed,straight-curved,straight-bent,palm,absent,wide-pointed,absent,space,horisontal,absent,absent,absent,absent,absent,absent,absent,absent,absent,symmetrical,,
стонать,1-st,open,curved,straight,radial,ulnar,absent,absent,head-low,absent,near-far; contra-ipsi,sraight,absent,absent,absent,absent,absent,absent,absent,symmetrical,,
шептаться,1-st; 2-nd,open-closed,straight,straight,radial,absent,pointed,absent,head-low,absent,absent,absent,absent,absent,absent,absent,absent,absent,absent,repeated; symmetrical,,
обмануть,1-st; 4-th,absent,straight,straight,palm,palm,absent,absent,hand-back; space,horisontal,distal-proxi; proxi-distal,sraight,absent,absent,absent,absent,absent,palm,absent,repeated,tips,
всех,absent,absent,absent,absent,absent,ulnar,absent,absent,space,horisontal,contra-ipsi,arc,absent,absent,absent,absent,absent,palm,absent,absent,,
бить.молотком,absent,absent,absent,absent,ulnar,ulnar,absent,absent,virtual object,horisontal,far-near,sraight,absent,absent,absent,absent,absent,absent,absent,repeated,,
случаться,all,absent,straight,straight,absent,absent,wide,prone-neutral,space,absent,absent,absent,absent,absent,absent,absent,absent,absent,absent,repeated; symmetrical,,
вредить,1-st; 2-nd,absent,straight,straight,ulnar,back,pointed,absent,hand-narrow,sagittal,proxi-distal,sraight,absent,absent,absent,absent,absent,absent,absent,repeated; symmetrical,,
штриховать,all,absent,straight,straight,tips,palm,pointed,absent,hand-palm,sagittal,high-low,sraight,absent,absent,absent,absent,absent,back,absent,repeated; biderectional,,
видеть,1-st,absent,straight,straight,tips,tips,absent,absent,head-mid,absent,far-near,sraight,absent,absent,absent,absent,absent,absent,absent,absent,,
ненавидеть,all,absent,straight,straight,palm,palm,wide,absent,space,parallel,far-near,sraight,absent,absent,absent,absent,absent,absent,absent,absent,,
вечер,all,absent,straight,bent,palm,palm,pointed,absent,hand-back,horisontal,far-near,sraight,absent,absent,absent,absent,absent,palm,absent,absent,,
есть,all,closed,straight,bent,tips,tips,pointed,absent,head-low,absent,far-near,sraight,absent,absent,absent,absent,absent,absent,absent,repeated,,
думать,1-st,absent,straight,straight,tips,tips,absent,absent,head-high,absent,far-near,sraight,absent,absent,absent,absent,absent,absent,absent,absent,,
колебаться,all,absent,straight,straight,palm,palm,pointed,absent,space,horisontal,high-low,sraight,absent,absent,absent,absent,absent,absent,absent,repeated; symmetrical; alternating; biderectional,,
прятать,all,closed,straight,bent,tips,tips,pointed,absent,hand-palm,horisontal,far-near,arc,absent,absent,absent,absent,absent,absent,absent,absent,,
ударять.кулаком,absent,absent,absent,absent,palm,tips,absent,absent,space,horisontal,proxi-distal; ipsi-contra,sraight,absent,absent,absent,absent,absent,absent,absent,absent,,
держать,all,open-closed,straight-curved,straight-bent,back,absent,wide-pointed,absent,space,horisontal,absent,absent,absent,absent,absent,absent,absent,absent,absent,symmetrical,,
обнимать,all,absent,straight,straight,ulnar,tips,pointed,absent,space,horisontal,ipsi-contra,arc,absent,absent,absent,absent,absent,absent,absent,symmetrical; crossed,,
игнорировать,all,open-closed,straight,bent,radial,tips,pointed; pointed-wide,absent,head-side,absent,near-far,sraight,absent,absent,absent,absent,absent,absent,absent,biderectional,,
нарушать,1-st; thumb,absent,curved,straight,radial,tips,absent,absent,hand-classifier; space,horisontal,distal-proxi,arc,absent,absent,absent,absent,absent,absent,absent,symmetrical; tense,,
выполнять,all,absent,straight,straight,palm,tips,pointed,absent,hand-narrow,sagittal,proxi-distal,sraight,absent,absent,absent,absent,absent,absent,absent,absent,,
улучшать,all,absent,straight,straight,radial,back,pointed,absent,hand-palm,sagittal,low-high,sraight,absent,absent,absent,absent,absent,back,absent,laceration,,
включать,all,open-closed,straight,bent,back,tips,wide-pointed,absent,hand-palm,parallel,high-low,arc,absent,absent,absent,absent,absent,absent,absent,absent,,
"включать, инкорпорировать",all,open-closed,straight,bent,back,tips,pointed,absent,hand-palm,sagittal,high-low,arc,absent,absent,absent,absent,absent,absent,absent,absent,,
увеличивать,thumb; 4-th,absent,straight,straight,palm,ulnar,absent,absent,space,horisontal,proxi-distal; contra-ipsi,absent,absent,absent,absent,absent,absent,absent,absent,symmetrical,,
вскружить голову,1-st,absent,straight,straight,tips,tips,absent,absent,head-high,absent,ipsi-contra,circle-counterclock,absent,absent,absent,absent,absent,absent,absent,repeated,,
"наводнять, наполнять",all,absent,straight,straight,palm,tips,wide,absent,space,horisontal,ipsi-contra; proxi-distal,sraight,absent,absent,absent,absent,absent,absent,absent,symmetrical,,
проникать,1-st,absent,straight,straight,tips,tips,absent,absent,head-mid; hand-palm,sagittal,far-near; far-near,sraight,absent,absent,absent,absent,absent,absent,absent,absent,,radial
надувать,all,closed-open,curved-straight,bent-straight,palm,back,pointed-wide,absent,virtual object; head-low,horisontal,contra-ipsi,sraight,absent,absent,absent,absent,absent,absent,absent,symmetrical; crossed,,
информировать,1-st,absent,straight-curved,straight,tips,radial,absent,absent,head-high,horisontal,contra-ipsi; proxi-distal,arc,absent,absent,absent,absent,absent,absent,absent,symmetrical,,
начинать,1-st,absent,straight,straight,radial,tips,absent,absent,hand-palm,parallel,low-high,sraight,absent,absent,absent,absent,absent,absent,absent,absent,,
уколоть,1-st,open-closed,straight,bent,back,back,absent,absent,arm,absent,far-near,absent,absent,absent,absent,absent,absent,absent,absent,absent,,
dem,1-st,absent,straight,straight,tips,tips,absent,absent,arm,absent,far-near,sraight,absent,absent,absent,absent,absent,absent,absent,absent,,
кровь,all,absent,straight,bent-straight,palm,ulnar,absent,absent,arm,absent,proxi-distal,sraight,absent,absent,absent,absent,absent,absent,absent,repeated; alternating,,
обновлять,all,absent,curved,bent,back,tips,pointed,absent,hand-palm,parallel,far-near; low-high,arc,absent,absent,absent,absent,absent,back,absent,repeated,,
настаивать,1-st,absent,straight,straight,tips,tips,absent,absent,hand-palm,horisontal,high-low,sraight,absent,absent,absent,absent,absent,absent,absent,absent,,
проверять,1-st; thumb,absent,curved,straight,radial,tips,absent,absent,hand-classifier,horisontal,high-low,sraight,absent,absent,absent,absent,absent,absent,absent,repeated; symmetrical,,
оскорбить,1-st,absent,straight-curved,straight,tips,back,absent,absent,head-low,absent,near-far; ipsi-contra,sraight,absent,absent,absent,absent,absent,absent,absent,tense,,
интегрировать,all,absent,straight,straight,palm,tips,wide,absent,space,horisontal,ipsi-contra; proxi-distal,arc,absent,absent,absent,absent,absent,absent,absent,symmetrical; crossed,,
вмешиваться,1-st,absent,straight,straight,tips,tips,absent,absent,head-mid; hand-palm,sagittal,far-near; far-near,sraight,absent,absent,absent,absent,absent,absent,absent,absent,,radial
вмешиваться,1-st,absent,straight,straight,tips,tips,absent,absent,head-mid; hand-palm,sagittal,far-near; far-near,sraight,absent,absent,absent,absent,absent,absent,absent,absent,,radial
прерывать,1-st; 2-nd,absent,curved,straight,tips,ulnar,wide,absent,hand-classifier,parallel,high-low,sraight,absent,absent,absent,absent,absent,absent,absent,symmetrical; tense,,
знакомить,all,open,curved,straight,palm,palm,pointed,supine-prone,hand-palm,horisontal,far-near,arc,absent,absent,absent,absent,absent,absent,absent,symmetrical,,
переворачивать,absent,absent,straight,straight,palm,back,pointed,prone-supine,space; virtual object,horisontal,contra-ipsi,sraight,absent,absent,absent,absent,absent,absent,absent,absent,,
приглашать,all,absent,straight,bent,ulnar,ulnar,pointed,absent,space,horisontal,distal-proxi,sraight,absent,absent,absent,absent,absent,absent,absent,repeated; symmetrical,,
"гладить, утюжить",thumb; 4-th,absent,straight,straight,tips,radial,absent,absent,hand-palm,horisontal,distal-proxi,sraight,absent,absent,absent,absent,absent,back,absent,biderectional,,
видеть,1-st,absent,straight,straight,tips,tips,absent,absent,head-mid,absent,far-near,sraight,absent,absent,absent,absent,absent,absent,absent,absent,,
раздражать,2-nd,closed-open,curved,absent,tips,tips,absent,absent,trunk,absent,near-far,sraight,absent,absent,absent,absent,absent,absent,absent,repeated; symmetrical,,
издавать,absent,absent,absent,absent,palm,palm,absent,absent,hand-palm; space,horisontal,far-near; proxi-distal,sraight,absent,absent,absent,absent,absent,absent,absent,repeated; symmetrical,tips,
угрожать,1-st,absent,straight,straight,ulnar,tips,absent,absent,space,horisontal,proxi-distal; ipsi-contra; contra-ipsi,sraight,absent,absent,absent,absent,absent,absent,absent,repeated; symmetrical,,
присоединять,1-st,open,curved,straight,ulnar,tips,absent,absent,space,horisontal,ipsi-contra,sraight,absent,absent,absent,absent,absent,absent,absent,symmetrical,,
вступить,1-st; thumb,absent,straight,straight,ulnar,tips,absent,absent,space,horisontal,proxi-distal,arc,absent,absent,absent,absent,absent,absent,absent,symmetrical,,
вибрировать,all,absent,straight,straight,palm,absent,wide,prone-neutral,space; virtual object,horisontal,absent,absent,absent,absent,absent,absent,absent,absent,absent,repeated; symmetrical; alternating,,
перемешивать,all,absent,straight,straight,tips,ulnar,pointed,absent,space,horisontal,contra-ipsi,circle-clock,absent,absent,absent,absent,absent,absent,absent,repeated; symmetrical; alternating; crossed,,
прыгать,1-st; 2-nd,absent,straight-curved,straight,tips,root,wide,absent,hand-palm,horisontal,low-high,sraight,absent,absent,absent,absent,absent,back,absent,repeated; biderectional,,
ударить,absent,absent,absent,absent,palm,tips,absent,absent,space,horisontal,ipsi-contra,sraight,absent,absent,absent,absent,absent,absent,absent,tense,,
похитить,absent,absent,absent,absent,absent,radial,absent,supine-prone,space,horisontal,ipsi-contra,arc,absent,absent,absent,absent,absent,absent,absent,symmetrical,,
убить,absent,absent,absent,absent,radial,palm,absent,absent,hand-palm,sagittal,high-low,sraight,absent,absent,absent,absent,absent,absent,absent,absent,,
целовать,1-st; 2-nd,absent,straight,straight,absent,palm,pointed,supine-prone,head-low,absent,near-far,sraight,absent,absent,absent,absent,absent,absent,absent,absent,,
стоять на коленях,1-st; 2-nd,absent,straight-curved,straight,tips,absent,wide,absent,hand-palm,horisontal,absent,absent,absent,absent,absent,absent,absent,absent,absent,absent,,
вязать,1-st,absent,straight,straight,palm,absent,absent,prone-neutral,space; virtual object,horisontal,absent,absent,absent,absent,absent,absent,absent,absent,absent,symmetrical; crossed,,
свалить,all,absent,straight,straight,back,back,pointed,absent,hand-palm,horisontal,far-near,arc,absent,absent,absent,absent,absent,absent,absent,absent,,
недоставать,all,open-closed,curved,straight,tips,ulnar,pointed,absent,neck,absent,high-low,sraight,absent,absent,absent,absent,absent,absent,absent,tense,,
берег,all,absent,straight,straight,back,root,pointed,absent,arm,absent,proxi-distal,vawe,absent,absent,absent,absent,absent,absent,absent,absent,,
корабль.плывет.к,all,absent,straight,straight,palm,tips,pointed,absent,virtual object; space,horisontal,proxi-distal; ipsi-contra; contra-ipsi,sraight,absent,absent,absent,absent,absent,absent,absent,symmetrical,,
продолжать,all,absent,straight,straight,palm,palm,pointed,absent,hand-palm,horisontal,high-low; near-far,sraight,absent,absent,absent,absent,absent,back,absent,repeated,root,
уложить,all,absent,straight,straight,back,back,pointed,absent,hand-palm,horisontal,far-near,arc,absent,absent,absent,absent,absent,absent,absent,absent,,
вести за собой,thumb,absent,straight,straight,ulnar,tips,absent,absent,space,horisontal,proxi-distal,sraight,absent,absent,absent,absent,absent,absent,absent,symmetrical; crossed,,
прыгать,1-st; 2-nd,absent,curved,straight,tips,tips,wide,absent,hand-palm,horisontal,near-far,arc,absent,absent,absent,absent,absent,absent,absent,absent,,
учить,1-st; 2-nd,closed,straight,bent,radial,tips,pointed,absent,head-high,absent,high-low,arc,absent,absent,absent,absent,absent,absent,absent,repeated,,
уезжать,1-st,open-closed,straight,bent,root,tips,absent,absent,space,horisontal,proxi-distal,arc,absent,absent,absent,absent,absent,absent,absent,symmetrical,,
читать лекцию,all,absent,straight,straight,palm,back,pointed,absent,head-low,absent,near-far; high-low,vawe,absent,absent,absent,absent,absent,absent,absent,absent,,
одалживать,all,absent,straight-curved,straight-bent,tips,back,pointed,absent,space,horisontal,distal-proxi,sraight,absent,absent,absent,absent,absent,absent,absent,absent,,
одалживать,all,absent,straight-curved,straight-bent,tips,back,pointed,absent,space,horisontal,proxi-distal,sraight,absent,absent,absent,absent,absent,absent,absent,absent,,
человек,1-st,open,curved,straight,tips,ulnar,absent,absent,space,parallel,high-low,sraight,absent,absent,absent,absent,absent,absent,absent,absent,,
человек,1-st,open,curved,straight,tips,ulnar,absent,absent,space,parallel,high-low,sraight,absent,absent,absent,absent,absent,absent,absent,absent,,
связь,1-st,absent,curved,straight,palm,palm,absent,supine-prone,hand-classifier,horisontal,far-near,arc,absent,absent,absent,absent,absent,absent,absent,symmetrical; crossed,,
лгать,1-st; 4-th,absent,straight,straight,palm,tips,absent,absent,hand-back,horisontal,proxi-distal,sraight,absent,absent,absent,absent,absent,absent,absent,repeated; symmetrical,,
лежать,all,absent,straight,straight,palm,palm,pointed,absent,hand-palm,horisontal,far-near,sraight,absent,absent,absent,absent,absent,absent,absent,absent,,
приподнять,all,open-closed,straight,bent,back,palm,pointed,absent,space,horisontal,low-high,sraight,absent,absent,absent,absent,absent,absent,absent,symmetrical,,
нравиться,1-st,closed,curved,straight,tips,tips,absent,absent,head-low,absent,far-near,sraight,absent,absent,absent,absent,absent,absent,absent,absent,,
хромать,1-st,absent,straight,straight,tips,tips,absent,absent,space,horisontal,high-low; iconic,sraight,absent,absent,absent,absent,absent,absent,absent,repeated; symmetrical; alternating,,
слушать,all,open,curved,straight,radial,radial,pointed,absent,head-side,absent,far-near,sraight,absent,absent,absent,absent,absent,absent,absent,repeated,,
жить,all,absent,straight,bent,ulnar,ulnar,pointed,absent,trunk,absent,far-near,sraight,absent,absent,absent,absent,absent,absent,absent,repeated; symmetrical,,
ненавидеть,1-st; 2-nd,absent,curved,straight,tips,ulnar,wide,absent,head-mid,absent,ipsi-contra,sraight,absent,absent,absent,absent,absent,absent,absent,repeated,,
видеть,1-st,absent,straight,straight,tips,tips,absent,absent,head-mid,absent,far-near,sraight,absent,absent,absent,absent,absent,absent,absent,absent,,
ненавидеть,all,absent,straight,straight,palm,palm,wide,absent,space,parallel,proxi-distal,sraight,absent,absent,absent,absent,absent,absent,absent,absent,,
запирать,1-st; thumb,absent,curved,straight,absent,tips,absent,supine-neutral,hand-palm,sagittal,high-low,arc,absent,absent,absent,absent,absent,back,absent,tense,,
глядеть,1-st; 2-nd,absent,straight,straight,palm,tips,wide,absent,space,horisontal,proxi-distal,sraight,absent,absent,absent,absent,absent,absent,absent,absent,,
смотреть,1-st; 2-nd,absent,straight,straight,palm,back,wide,absent,head-mid,absent,near-far,sraight,absent,absent,absent,absent,absent,absent,absent,absent,,
туда,1-st,absent,straight,straight,tips,tips,absent,absent,space,horisontal,x-y,sraight,absent,absent,absent,absent,absent,absent,absent,absent,,
искать,1-st; 2-nd,absent,curved,straight,tips,tips,wide,absent,virtual object; space,horisontal,far-near; high-low,arc,absent,absent,absent,absent,absent,absent,absent,repeated; symmetrical; alternating,,
исчезнуть,1-st; 2-nd,absent,straight,straight,palm,ulnar,pointed,absent,hand-narrow,sagittal,proxi-distal,sraight,absent,absent,absent,absent,absent,absent,absent,symmetrical,,
любить,all,absent,straight,straight,palm,ulnar,pointed,absent,head-low; trunk,absent,high-low,arc,absent,absent,absent,absent,absent,absent,absent,absent,,
опустить,all,absent,straight,bent,palm,root,pointed,absent,space,parallel,high-low,sraight,absent,absent,absent,absent,absent,absent,absent,symmetrical,,
видеть,1-st,absent,straight,straight,tips,tips,absent,absent,head-mid,absent,far-near,sraight,absent,absent,absent,absent,absent,absent,absent,absent,,
соблазнять,all,absent,straight,bent-straight,root,palm,wide,absent,space,horisontal,distal-proxi,sraight,absent,absent,absent,absent,absent,absent,absent,repeated; symmetrical; alternating,,
поддерживать,all,open-closed,straight-curved,straight-bent,back,palm,wide-pointed,absent,space,horisontal,low-high,spiral,absent,absent,absent,absent,absent,absent,absent,symmetrical,,
целоваться,absent,absent,absent,absent,palm,ulnar,absent,absent,hand-classifier,sagittal,in situ,circle-clock,absent,absent,absent,absent,absent,palm,absent,symmetrical; alternating,,
управлять,1-st; thumb,absent,curved,straight,ulnar,tips,pointed,absent,space,horisontal,proxi-distal,sraight,absent,absent,absent,absent,absent,absent,absent,repeated; symmetrical; alternating; biderectional,,
жениться,1-st,closed,curved,straight,tips,radial,absent,absent,hand-back,horisontal,distal-proxi,sraight,absent,absent,absent,absent,absent,absent,absent,absent,,
подходить,1-st,absent,straight,straight,back,tips,absent,absent,space,parallel,high-low; low-high,sraight,absent,absent,absent,absent,absent,absent,absent,symmetrical; crossed,,
измерять,1-st,closed,curved,straight,radial,ulnar,absent,absent,hand-classifier,horisontal,near-far,vawe,absent,absent,absent,absent,absent,absent,absent,symmetrical; laceration,,
встречаться,1-st,absent,straight,straight,root,palm,absent,absent,space,horisontal,ipsi-contra,sraight,absent,absent,absent,absent,absent,absent,absent,symmetrical,,
думать,1-st,absent,straight,straight,tips,tips,absent,absent,head-high,absent,far-near,sraight,absent,absent,absent,absent,absent,absent,absent,absent,,
запоминать,absent,absent,absent,absent,absent,absent,absent,prone-neutral,space,absent,absent,absent,absent,absent,absent,absent,absent,absent,absent,symmetrical; crossed,,
